"012","ISLE OF ANGLESEY UA","W00","Q99","COUNCIL OFFICES","","","LLANGEFNI","","LL77 7TW","19960401","","","H","","","","","","","","0","","","","",""
"014","GWYNEDD UA","W00","Q99","SHIREHALL STREET","","","CAERNARFON","GWYNEDD","LL55 1SH","19960401","","","H","","","","","","","","0","","","","",""
"016","CONWY UA","W00","Q99","BODLONDEB","BANGOR ROAD","","CONWY","","LL32 8DU","19960401","","","H","","","","","","","","0","","","","",""
"018","DENBIGHSHIRE UA","W00","Q99","COUNTY HALL","WYNNSTAY ROAD","","RUTHIN","","LL15 1YN","19960401","","","H","","","","","","","","0","","","","",""
"020","FLINTSHIRE UA","W00","Q99","COUNTY HALL","","","MOLD","FLINTSHIRE","CH7 6NB","19960401","","","H","","","","","","","","0","","","","",""
"022","WREXHAM UA","W00","Q99","THE GUILDHALL","","","WREXHAM","","LL11 1AY","19960401","","","H","","","","","","","","0","","","","",""
"024","POWYS UA","W00","Q99","COUNTY HALL","SPA ROAD EAST","","LLANDRINDOD WELLS","","LD1 5LG","19960401","","","H","","","","","","","","0","","","","",""
"026","CEREDIGION UA","W00","Q99","PENMORFA","","","ABERAERON","","SA46 0PA","19960401","","","H","","","","","","","","0","","","","",""
"028","PEMBROKESHIRE UA","W00","Q99","COUNTY HALL","FREEMENS WAY","","HAVERFORDWEST","","SA61 1TP","19960401","","","H","","","","","","","","0","","","","",""
"030","CARMARTHENSHIRE UA","W00","Q99","COUNTY HALL","","","CARMARTHEN","","SA31 1JP","19960401","","","H","","","","","","","","0","","","","",""
"032","SWANSEA UA","W00","Q99","CIVIC CENTRE","OYSTERMOUTH ROAD","","SWANSEA","","SA1 3SN","19960401","","","H","","","","","","","","0","","","","",""
"034","NEATH PORT TALBOT UA","W00","Q99","CIVIC CENTRE","","","PORT TALBOT","","SA13 1PJ","19960401","","","H","","","","","","","","0","","","","",""
"036","BRIDGEND UA","W00","Q99","CIVIC OFFICES","ANGEL STREET","","BRIDGEND","","CF31 4WB","19960401","","","H","","","","","","","","0","","","","",""
"038","VALE OF GLAMORGAN UA","W00","Q99","CIVIC OFFICES","HOLTON ROAD","","BARRY","","CF63 4RU","19960401","","","H","","","","","","","","0","","","","",""
"040","RHONDDA, CYNON, TAFF UA","W00","Q99","THE PAVILIONS","CAMBRIAN INDUSTRIAL PARK","CLYDACH VALE","TONYPANDY","","CF40 2XX","19960401","","","H","","","","","","","","0","","","","",""
"042","MERTHYR TYDFIL UA","W00","Q99","CIVIC CENTRE","","","MERTHYR TYDFIL","","CF47 8AN","19960401","","","H","","","","","","","","0","","","","",""
"044","CAERPHILLY UA","W00","Q99","PENALLTA HOUSE","TREDOMEN PARK","YSTRAD MYNACH","HENGOED","","CF82 7PG","19960401","","","H","","","","","","","","0","","","","",""
"045","BLAENAU GWENT UA","W00","Q99","MUNICIPAL OFFICES","CIVIC CENTRE","","EBBW VALE","","NP23 6XB","19960401","","","H","","","","","","","","0","","","","",""
"046","TORFAEN UA","W00","Q99","CIVIC CENTRE","","","PONTYPOOL","TORFAEN","NP4 6YB","19960401","","","H","","","","","","","","0","","","","",""
"048","MONMOUTHSHIRE UA","W00","Q99","THE RHADYR","","","USK","MONMOUTHSHIRE","NP15 1GA","19960401","","","H","","","","","","","","0","","","","",""
"050","NEWPORT UA","W00","Q99","CIVIC CENTRE","GODFREY ROAD","","NEWPORT","","NP20 4UR","19960401","","","H","","","","","","","","0","","","","",""
"052","CARDIFF UA","W00","Q99","COUNTY HALL","ATLANTIC WHARF","","CARDIFF","","CF10 4UW","19960401","","","H","","","","","","","","0","","","","",""
"104","NORTHUMBERLAND COUNTY COUNCIL","Y63","QHM","COUNTY HALL","","","MORPETH","","NE61 2EF","19800101","","","H","","","","","","","","0","","","","",""
"105","ADUR DISTRICT COUNCIL","Y59","QNX","PORTLAND HOUSE","44 RICHMOND ROAD","","WORTHING","","BN11 1HS","20040401","","","D","","","","","","","","0","","","","",""
"106","GATESHEAD METROPOLITAN BOROUGH COUNCIL","Y63","QHM","CIVIC CENTRE","REGENT STREET","","GATESHEAD","","NE8 1HH","19800101","","","E","","","","","","","","0","","","","",""
"107","NEWCASTLE CITY COUNCIL","Y63","QHM","CIVIC CENTRE","","","NEWCASTLE UPON TYNE","TYNE AND WEAR","NE1 8QH","19800101","","","E","","","","","","","","0","","","","",""
"108","NORTH TYNESIDE COUNCIL","Y63","QHM","QUANDRANT","THE SILVERLINK NORTH","","NEWCASTLE UPON TYNE","TYNE AND WEAR","NE27 0BY","19800101","","","E","","","","","","","","0","","","","",""
"109","SOUTH TYNESIDE COUNCIL","Y63","QHM","TOWN HALL","WESTOE ROAD","","SOUTH SHIELDS","TYNE AND WEAR","NE33 2RL","19800101","","","E","","","","","","","","0","","","","",""
"110","SUNDERLAND CITY COUNCIL","Y63","QHM","CITY HALL","PLATER WAY","","SUNDERLAND","","SR1 3AA","19800101","","","E","","","","","","","","0","","","","",""
"111","HARTLEPOOL BOROUGH COUNCIL","Y63","QHM","CIVIC CENTRE","VICTORIA ROAD","","HARTLEPOOL","","TS24 8AY","19960401","","","H","","","","","","","","0","","","","",""
"112","MIDDLESBROUGH BOROUGH COUNCIL","Y63","QHM","PO BOX 500","","","MIDDLESBROUGH","","TS1 9FT","19960401","","","H","","","","","","","","0","","","","",""
"113","REDCAR AND CLEVELAND BOROUGH COUNCIL","Y63","QHM","REDCAR & CLEVELAND HOUSE","KIRKLEATHAM STREET","","REDCAR","","TS10 1RT","19960401","","","H","","","","","","","","0","","","","",""
"114","STOCKTON-ON-TEES BOROUGH COUNCIL","Y63","QHM","MUNICIPAL BUILDINGS","PO BOX 11","CHURCH ROAD","STOCKTON-ON-TEES","","TS18 1LD","19960401","","","H","","","","","","","","0","","","","",""
"116","DURHAM COUNTY COUNCIL","Y63","QHM","COUNTY HALL","","","DURHAM","","DH1 5UL","19970401","","","H","","","","","","","","0","","","","",""
"117","DARLINGTON BOROUGH COUNCIL","Y63","QHM","TOWN HALL","FEETHAMS","","DARLINGTON","","DL1 5QT","19970401","","","H","","","","","","","","0","","","","",""
"118","AMBER VALLEY BOROUGH COUNCIL","Y60","QJ2","TOWN HALL","MARKET PLACE","","RIPLEY","","DE5 3BT","20040401","","","B","","","","","","","","0","","","","",""
"119","ARUN DISTRICT COUNCIL","Y59","QNX","ARUN CIVIC CENTRE","1 MALTRAVERS ROAD","","LITTLEHAMPTON","","BN17 5LF","20040401","","","D","","","","","","","","0","","","","",""
"120","ASHFIELD DISTRICT COUNCIL","Y60","QT1","URBAN ROAD","KIRKBY-IN-ASHFIELD","","NOTTINGHAM","","NG17 8DA","20040401","","","D","","","","","","","","0","","","","",""
"121","ASHFORD BOROUGH COUNCIL","Y59","QKS","CIVIC CENTRE","TANNERY LANE","","ASHFORD","","TN23 1PL","20040401","","","B","","","","","","","","0","","","","",""
"123","BABERGH DISTRICT COUNCIL","Y61","QJG","CORKS LANE","HADLEIGH","","IPSWICH","SUFFOLK","IP7 9SJ","20040401","","","D","","","","","","","","0","","","","",""
"125","BASILDON BOROUGH COUNCIL","Y61","QH8","BASILDON CENTRE","ST MARTINS SQUARE","","BASILDON","","SS14 1DL","20040401","","","B","","","","","","","","0","","","","",""
"126","BASINGSTOKE AND DEANE BOROUGH COUNCIL","Y59","QRL","CIVIC OFFICES","LONDON ROAD","","BASINGSTOKE","HAMPSHIRE","RG21 4AH","20040401","","","B","","","","","","","","0","","","","",""
"127","BASSETLAW DISTRICT COUNCIL","Y60","QT1","QUEEN'S BUILDINGS","POTTER STREET","","WORKSOP","","S80 2AH","20040401","","","D","","","","","","","","0","","","","",""
"128","BLABY DISTRICT COUNCIL","Y60","QK1","COUNCIL OFFICES","DESFORD ROAD","NARBOROUGH","LEICESTER","","LE19 2EP","20040401","","","D","","","","","","","","0","","","","",""
"130","BOLSOVER DISTRICT COUNCIL","Y60","QJ2","THE ARC","HIGH STREET","CLOWNE","CHESTERFIELD","","S43 4JY","20040401","","","D","","","","","","","","0","","","","",""
"131","BOSTON BOROUGH COUNCIL","Y60","QJM","MUNICIPAL BUILDINGS","WEST STREET","","BOSTON","LINCOLNSHIRE","PE21 8QR","20040401","","","B","","","","","","","","0","","","","",""
"132","BRAINTREE DISTRICT COUNCIL","Y61","QH8","CAUSEWAY HOUSE","BOCKING END","","BRAINTREE","","CM7 9HB","20040401","","","D","","","","","","","","0","","","","",""
"133","BRECKLAND DISTRICT COUNCIL","Y61","QMM","ELIZABETH HOUSE","WALPOLE LOKE","","DEREHAM","","NR19 1EE","20040401","","","D","","","","","","","","0","","","","",""
"134","BRENTWOOD BOROUGH COUNCIL","Y61","QH8","TOWN HALL","INGRAVE ROAD","","BRENTWOOD","","CM15 8AY","20040401","","","B","","","","","","","","0","","","","",""
"136","BROADLAND DISTRICT COUNCIL","Y61","QMM","THORPE LODGE","1 YARMOUTH ROAD","","NORWICH","","NR7 0DU","20040401","","","D","","","","","","","","0","","","","",""
"137","BROMSGROVE DISTRICT COUNCIL","Y60","QGH","PARKSIDE","MARKET STREET","","BROMSGROVE","","B61 8DA","20040401","","","D","","","","","","","","0","","","","",""
"138","BROXBOURNE BOROUGH COUNCIL","Y61","QM7","BISHOPS COLLEGE","CHURCHGATE","CHESHUNT","WALTHAM CROSS","","EN8 9XQ","20120401","","","B","","","","","","","","0","","","","",""
"139","BROXTOWE BOROUGH COUNCIL","Y60","QT1","TOWN HALL","FOSTER AVENUE","BEESTON","NOTTINGHAM","","NG9 1AB","20040401","","","B","","","","","","","","0","","","","",""
"140","BURNLEY BOROUGH COUNCIL","Y62","QE1","TOWN HALL","MANCHESTER ROAD","","BURNLEY","LANCASHIRE","BB11 9SD","20040401","","","B","","","","","","","","0","","","","",""
"142","CAMBRIDGE CITY COUNCIL","Y61","QUE","THE GUILDHALL","","","CAMBRIDGE","","CB2 3QJ","20040401","","","C","","","","","","","","0","","","","",""
"143","CANNOCK CHASE DISTRICT COUNCIL","Y60","QNC","CIVIC CENTRE","BEECROFT ROAD","","CANNOCK","","WS11 1BG","20040401","","","D","","","","","","","","0","","","","",""
"144","CANTERBURY CITY COUNCIL","Y59","QKS","MILITARY ROAD","","","CANTERBURY","","CT1 1YW","20040401","","","C","","","","","","","","0","","","","",""
"148","CASTLE POINT BOROUGH COUNCIL","Y61","QH8","KILN ROAD","","","BENFLEET","","SS7 1TF","20040401","","","B","","","","","","","","0","","","","",""
"150","CHARNWOOD BOROUGH COUNCIL","Y60","QK1","COUNCIL OFFICES","SOUTHFIELD ROAD","","LOUGHBOROUGH","","LE11 2TX","20040401","","","B","","","","","","","","0","","","","",""
"151","CHELMSFORD CITY COUNCIL","Y61","QH8","CIVIC CENTRE","DUKE STREET","","CHELMSFORD","","CM1 1JE","20040401","","","B","","","","","","","","0","","","","",""
"152","CHELTENHAM BOROUGH COUNCIL","Y58","QR1","MUNICIPAL OFFICES","PROMENADE","","CHELTENHAM","","GL50 1PJ","20040401","","","B","","","","","","","","0","","","","",""
"153","CHERWELL DISTRICT COUNCIL","Y59","QU9","BODICOTE HOUSE","WHITE POST ROAD","BODICOTE","BANBURY","","OX15 4AA","20040401","","","D","","","","","","","","0","","","","",""
"154","CHESTERFIELD BOROUGH COUNCIL","Y60","QJ2","TOWN HALL","ROSE HILL","","CHESTERFIELD","","S40 1LP","20040401","","","B","","","","","","","","0","","","","",""
"155","CHICHESTER DISTRICT COUNCIL","Y59","QNX","EAST PALLANT HOUSE","1 EAST PALLANT","","CHICHESTER","","PO19 1TY","20040401","","","D","","","","","","","","0","","","","",""
"157","CHORLEY BOROUGH COUNCIL","Y62","QE1","CIVIC OFFICES","UNION STREET","","CHORLEY","","PR7 1AL","20040401","","","B","","","","","","","","0","","","","",""
"159","CITY OF LINCOLN COUNCIL","Y60","QJM","CITY HALL","BEAUMONT FEE","","LINCOLN","","LN1 1DD","20040401","","","C","","","","","","","","0","","","","",""
"160","COLCHESTER BOROUGH COUNCIL","Y61","QJG","ROWAN HOUSE","33 SHEEPEN ROAD","","COLCHESTER","","CO3 3WG","20040401","","","B","","","","","","","","0","","","","",""
"164","COTSWOLD DISTRICT COUNCIL","Y58","QR1","TRINITY ROAD","","","CIRENCESTER","GLOUCESTERSHIRE","GL7 1PX","20040401","","","D","","","","","","","","0","","","","",""
"166","CRAWLEY BOROUGH COUNCIL","Y59","QNX","TOWN HALL","THE BOULEVARD","","CRAWLEY","","RH10 1UZ","20040401","","","B","","","","","","","","0","","","","",""
"167","DACORUM BOROUGH COUNCIL","Y61","QM7","THE FORUM","MARLOWES","","HEMEL HEMPSTEAD","","HP1 1DN","20040401","","","B","","","","","","","","0","","","","",""
"168","DARTFORD BOROUGH COUNCIL","Y59","QKS","CIVIC CENTRE","HOME GARDENS","","DARTFORD","","DA1 1DR","20040401","","","B","","","","","","","","0","","","","",""
"171","DERBYSHIRE DALES DISTRICT COUNCIL","Y60","QJ2","TOWN HALL","BANK ROAD","","MATLOCK","","DE4 3NN","20040401","","","D","","","","","","","","0","","","","",""
"172","DOVER DISTRICT COUNCIL","Y59","QKS","WHITE CLIFFS BUSINESS PARK","WHITFIELD","","DOVER","KENT","CT16 3PJ","20040401","","","D","","","","","","","","0","","","","",""
"173","EAST CAMBRIDGESHIRE DISTRICT COUNCIL","Y61","QUE","THE GRANGE","NUTHOLT LANE","","ELY","","CB7 4EE","20040401","","","D","","","","","","","","0","","","","",""
"174","EAST DEVON DISTRICT COUNCIL","Y58","QJK","BLACKDOWN HOUSE","BORDER ROAD","HEATHPARK INDUSTRIAL ESTATE","HONITON","DEVON","EX14 1EJ","20040401","","","D","","","","","","","","0","","","","",""
"176","EAST HAMPSHIRE DISTRICT COUNCIL","Y59","QRL","PENNS PLACE","","","PETERSFIELD","","GU31 4EX","20040401","","","D","","","","","","","","0","","","","",""
"177","EAST HERTFORDSHIRE DISTRICT COUNCIL","Y61","QM7","WALLFIELDS","PEGS LANE","","HERTFORD","HERTFORDSHIRE","SG13 8EQ","20040401","","","D","","","","","","","","0","","","","",""
"178","EAST LINDSEY DISTRICT COUNCIL","Y60","QJM","TEDDER HALL","MANBY PARK","","LOUTH","LINCOLNSHIRE","LN11 8UP","20040401","","","D","","","","","","","","0","","","","",""
"180","EAST STAFFORDSHIRE BOROUGH COUNCIL","Y60","QNC","TOWN HALL","KING EDWARD PLACE","","BURTON-ON-TRENT","STAFFORDSHIRE","DE14 2EB","20040401","","","B","","","","","","","","0","","","","",""
"181","EASTBOURNE BOROUGH COUNCIL","Y59","QNX","1 GROVE ROAD","","","EASTBOURNE","","BN21 4TW","20040401","","","B","","","","","","","","0","","","","",""
"182","EASTLEIGH BOROUGH COUNCIL","Y59","QRL","EASTLEIGH HOUSE","UPPER MARKET STREET","","EASTLEIGH","","SO50 9YN","20040401","","","B","","","","","","","","0","","","","",""
"184","ELMBRIDGE BOROUGH COUNCIL","Y59","QXU","CIVIC CENTRE","HIGH STREET","","ESHER","","KT10 9SD","20040401","","","B","","","","","","","","0","","","","",""
"185","EPPING FOREST DISTRICT COUNCIL","Y61","QM7","CIVIC OFFICES","323 HIGH STREET","","EPPING","","CM16 4BZ","20040401","","","D","","","","","","","","0","","","","",""
"186","EPSOM AND EWELL BOROUGH COUNCIL","Y59","QXU","TOWN HALL","THE PARADE","","EPSOM","","KT18 5BY","20040401","","","B","","","","","","","","0","","","","",""
"187","EREWASH BOROUGH COUNCIL","Y60","QJ2","TOWN HALL","WHARNCLIFFE ROAD","","ILKESTON","","DE7 5RP","20040401","","","B","","","","","","","","0","","","","",""
"188","EXETER CITY COUNCIL","Y58","QJK","CIVIC CENTRE","PARIS STREET","","EXETER","","EX1 1JN","20040401","","","C","","","","","","","","0","","","","",""
"189","FAREHAM BOROUGH COUNCIL","Y59","QRL","CIVIC OFFICES","CIVIC WAY","","FAREHAM","","PO16 7AZ","20040401","","","B","","","","","","","","0","","","","",""
"190","FENLAND DISTRICT COUNCIL","Y61","QUE","FENLAND HALL","COUNTY ROAD","","MARCH","CAMBRIDGESHIRE","PE15 8NQ","20040401","","","D","","","","","","","","0","","","","",""
"193","FOREST OF DEAN DISTRICT COUNCIL","Y58","QR1","COUNCIL OFFICES","HIGH STREET","","COLEFORD","","GL16 8HG","20040401","","","D","","","","","","","","0","","","","",""
"194","FYLDE BOROUGH COUNCIL","Y62","QE1","TOWN HALL","","","LYTHAM ST. ANNES","","FY8 1LW","20040401","","","B","","","","","","","","0","","","","",""
"195","GEDLING BOROUGH COUNCIL","Y60","QT1","CIVIC CENTRE","ARNOT HILL PARK","ARNOLD","NOTTINGHAM","","NG5 6LU","20040401","","","B","","","","","","","","0","","","","",""
"196","GLOUCESTER CITY COUNCIL","Y58","QR1","THE GATEWAY","92-96 WESTGATE STREET","","GLOUCESTER","GLOUCESTERSHIRE","GL1 2PE","20040401","","","C","","","","","","","","0","","","","",""
"197","GOSPORT BOROUGH COUNCIL","Y59","QRL","TOWN HALL","HIGH STREET","","GOSPORT","","PO12 1EB","20040401","","","B","","","","","","","","0","","","","",""
"198","GRAVESHAM BOROUGH COUNCIL","Y59","QKS","CIVIC CENTRE","WINDMILL STREET","","GRAVESEND","","DA12 1AU","20040401","","","B","","","","","","","","0","","","","",""
"199","GREAT YARMOUTH BOROUGH COUNCIL","Y61","QMM","TOWN HALL","HALL PLAIN","","GREAT YARMOUTH","","NR30 2QF","20040401","","","B","","","","","","","","0","","","","",""
"203","GREATER LONDON AUTHORITY","Y56","QKK","CITY HALL","110 THE QUEENS WALK","","LONDON","","SE1 2AA","20040401","","","J","","","","","","","","0","","","","",""
"204","BARNSLEY METROPOLITAN BOROUGH COUNCIL","Y63","QF7","TOWN HALL","CHURCH STREET","","BARNSLEY","","S70 2TA","19800101","","","E","","","","","","","","0","","","","",""
"205","DONCASTER METROPOLITAN BOROUGH COUNCIL","Y63","QF7","CIVIC OFFICE","WATERDALE","","DONCASTER","","DN1 3BU","19800101","","","E","","","","","","","","0","","","","",""
"206","ROTHERHAM METROPOLITAN BOROUGH COUNCIL","Y63","QF7","RIVERSIDE HOUSE","MAIN STREET","","ROTHERHAM","","S60 1AE","19800101","","","E","","","","","","","","0","","","","",""
"207","SHEFFIELD CITY COUNCIL","Y63","QF7","TOWN HALL","PINSTONE STREET","","SHEFFIELD","SOUTH YORKSHIRE","S1 2HH","19800101","","","E","","","","","","","","0","","","","",""
"208","GUILDFORD BOROUGH COUNCIL","Y59","QXU","MILLMEAD HOUSE","MILLMEAD","","GUILDFORD","","GU2 4BB","20040401","","","B","","","","","","","","0","","","","",""
"209","CITY OF BRADFORD METROPOLITAN DISTRICT COUNCIL","Y63","QWO","6TH FLOOR","BRITANNIA HOUSE","HALL INGS","BRADFORD","","BD1 1HX","19800101","","","E","","","","","","","","0","","","","",""
"210","CALDERDALE METROPOLITAN BOROUGH COUNCIL","Y63","QWO","TOWN HALL","CROSSLEY STREET","","HALIFAX","","HX1 1UJ","19800101","","","E","","","","","","","","0","","","","",""
"211","KIRKLEES COUNCIL","Y63","QWO","CIVIC CENTRE","3 MARKET STREET","","HUDDERSFIELD","WEST YORKSHIRE","HD1 2EY","19800101","","","E","","","","","","","","0","","","","",""
"212","LEEDS CITY COUNCIL","Y63","QWO","CIVIC HALL","CALVERLEY STREET","","LEEDS","","LS1 1UR","19800101","","","E","","","","","","","","0","","","","",""
"213","WAKEFIELD METROPOLITAN DISTRICT COUNCIL","Y63","QWO","TOWN HALL","WOOD STREET","","WAKEFIELD","","WF1 2HQ","19800101","","","E","","","","","","","","0","","","","",""
"214","EAST RIDING OF YORKSHIRE COUNCIL","Y63","QOQ","COUNTY HALL","CROSS STREET","","BEVERLEY","","HU17 9BA","19960401","","","H","","","","","","","","0","","","","",""
"215","HULL CITY COUNCIL","Y63","QOQ","THE GUILDHALL","ALFRED GELDER STREET","","HULL","","HU1 2AA","19960401","","","H","","","","","","","","0","","","","",""
"216","NORTH EAST LINCOLNSHIRE COUNCIL","Y63","QOQ","MUNICIPAL OFFICES","TOWN HALL SQUARE","","GRIMSBY","","DN31 1HU","19960401","","","H","","","","","","","","0","","","","",""
"217","NORTH LINCOLNSHIRE COUNCIL","Y63","QOQ","CHURCH SQUARE HOUSE","30-40 HIGH STREET","","SCUNTHORPE","","DN15 6NL","19960401","","","H","","","","","","","","0","","","","",""
"218","NORTH YORKSHIRE COUNCIL","Y63","QOQ","COUNTY HALL","","","NORTHALLERTON","","DL7 8AD","19960401","","","H","","","","","","","","0","","","","",""
"219","CITY OF YORK COUNCIL","Y63","QOQ","WEST OFFICES","STATION RISE","","YORK","","YO1 6GA","19960401","","","H","","","","","","","","0","","","","",""
"222","HARBOROUGH DISTRICT COUNCIL","Y60","QK1","COUNCIL OFFICES","THE SYMINGTON BUILDING","ADAM & EVE STREET","MARKET HARBOROUGH","LEICESTERSHIRE","LE16 7AG","20040401","","","D","","","","","","","","0","","","","",""
"223","HARLOW DISTRICT COUNCIL","Y61","QM7","CIVIC CENTRE","THE WATER GARDENS","COLLEGE SQUARE","HARLOW","","CM20 1WG","20040401","","","D","","","","","","","","0","","","","",""
"225","HART DISTRICT COUNCIL","Y59","QNQ","CIVIC OFFICES","HARLINGTON WAY","","FLEET","","GU51 4AE","20040401","","","D","","","","","","","","0","","","","",""
"226","HASTINGS BOROUGH COUNCIL","Y59","QNX","TOWN HALL","QUEENS ROAD","","HASTINGS","","TN34 1QR","20040401","","","B","","","","","","","","0","","","","",""
"227","HAVANT BOROUGH COUNCIL","Y59","QRL","PUBLIC SERVICE PLAZA","CIVIC CENTRE ROAD","","HAVANT","","PO9 2AX","20040401","","","B","","","","","","","","0","","","","",""
"228","HERTSMERE BOROUGH COUNCIL","Y61","QM7","CIVIC OFFICES","ELSTREE WAY","","BOREHAMWOOD","HERTFORDSHIRE","WD6 1WA","20040401","","","B","","","","","","","","0","","","","",""
"229","HIGH PEAK BOROUGH COUNCIL","Y60","QJ2","TOWN HALL","","","BUXTON","","SK17 6EL","20040401","","","B","","","","","","","","0","","","","",""
"230","HINCKLEY AND BOSWORTH BOROUGH COUNCIL","Y60","QK1","HINCKLEY HUB","RUGBY ROAD","","HINCKLEY","LEICESTERSHIRE","LE10 0FR","20040401","","","B","","","","","","","","0","","","","",""
"231","HORSHAM DISTRICT COUNCIL","Y59","QNX","PARKSIDE","CHART WAY","","HORSHAM","WEST SUSSEX","RH12 1RL","20040401","","","D","","","","","","","","0","","","","",""
"232","HUNTINGDONSHIRE DISTRICT COUNCIL","Y61","QUE","PATHFINDER HOUSE","ST MARYS STREET","","HUNTINGDON","","PE29 3TN","20040401","","","D","","","","","","","","0","","","","",""
"233","HYNDBURN BOROUGH COUNCIL","Y62","QE1","SCAITCLIFFE HOUSE","ORMEROD STREET","","ACCRINGTON","LANCASHIRE","BB5 0PF","20040401","","","B","","","","","","","","0","","","","",""
"234","IPSWICH BOROUGH COUNCIL","Y61","QJG","GRAFTON HOUSE","15-17 RUSSELL ROAD","","IPSWICH","SUFFOLK","IP1 2DE","20040401","","","B","","","","","","","","0","","","","",""
"237","BOROUGH COUNCIL OF KING'S LYNN AND WEST NORFOLK","Y61","QMM","KINGS COURT","CHAPEL STREET","","KING'S LYNN","","PE30 1EX","20040401","","","B","","","","","","","","0","","","","",""
"238","LANCASTER CITY COUNCIL","Y62","QE1","TOWN HALL","DALTON SQUARE","","LANCASTER","","LA1 1PJ","20040401","","","C","","","","","","","","0","","","","",""
"239","LEWES DISTRICT COUNCIL","Y59","QNX","32 HIGH STREET","","","LEWES","","BN7 2LX","20040401","","","D","","","","","","","","0","","","","",""
"240","LICHFIELD DISTRICT COUNCIL","Y60","QNC","DISTRICT COUNCIL HOUSE","FROG LANE","","LICHFIELD","STAFFORDSHIRE","WS13 6YU","20040401","","","D","","","","","","","","0","","","","",""
"241","MAIDSTONE BOROUGH COUNCIL","Y59","QKS","MAIDSTONE HOUSE","KING STREET","","MAIDSTONE","","ME15 6JQ","20040401","","","B","","","","","","","","0","","","","",""
"242","MALDON DISTRICT COUNCIL","Y61","QH8","COUNCIL OFFICES","PRINCES ROAD","","MALDON","ESSEX","CM9 5DL","20040401","","","D","","","","","","","","0","","","","",""
"243","MALVERN HILLS DISTRICT COUNCIL","Y60","QGH","THE COUNCIL HOUSE","AVENUE ROAD","","MALVERN","","WR14 3AF","20040401","","","D","","","","","","","","0","","","","",""
"244","MANSFIELD DISTRICT COUNCIL","Y60","QT1","CIVIC CENTRE","CHESTERFIELD ROAD SOUTH","","MANSFIELD","","NG19 7BH","20040401","","","D","","","","","","","","0","","","","",""
"245","MELTON BOROUGH COUNCIL","Y60","QK1","PARKSIDE","STATION APPROACH","BURTON STREET","MELTON MOWBRAY","","LE13 1GH","20040401","","","B","","","","","","","","0","","","","",""
"248","MID DEVON DISTRICT COUNCIL","Y58","QJK","PHOENIX HOUSE","PHOENIX LANE","","TIVERTON","","EX16 6PP","20040401","","","D","","","","","","","","0","","","","",""
"249","MID SUFFOLK DISTRICT COUNCIL","Y61","QJG","COUNCIL OFFICES","131 HIGH STREET","NEEDHAM MARKET","IPSWICH","","IP6 8DL","20040401","","","D","","","","","","","","0","","","","",""
"250","MID SUSSEX DISTRICT COUNCIL","Y59","QNX","OAKLANDS","OAKLANDS ROAD","","HAYWARDS HEATH","","RH16 1SS","20040401","","","D","","","","","","","","0","","","","",""
"251","MOLE VALLEY DISTRICT COUNCIL","Y59","QXU","PIPPBROOK","","","DORKING","SURREY","RH4 1SJ","20040401","","","D","","","","","","","","0","","","","",""
"254","NEW FOREST DISTRICT COUNCIL","Y59","QRL","APPLETREE COURT","BEAULIEU ROAD","","LYNDHURST","","SO43 7PA","20040401","","","D","","","","","","","","0","","","","",""
"255","NEWARK AND SHERWOOD DISTRICT COUNCIL","Y60","QT1","CASTLE HOUSE","GREAT NORTH ROAD","","NEWARK","","NG24 1BY","20040401","","","D","","","","","","","","0","","","","",""
"256","NEWCASTLE-UNDER-LYME BOROUGH COUNCIL","Y60","QNC","CASTLE HOUSE","BARRACKS ROAD","","NEWCASTLE","","ST5 1BL","20040401","","","B","","","","","","","","0","","","","",""
"258","NORTH DEVON DISTRICT COUNCIL","Y58","QJK","LYNTON HOUSE","COMMERCIAL ROAD","","BARNSTAPLE","","EX31 1DG","20040401","","","D","","","","","","","","0","","","","",""
"260","NORTH EAST DERBYSHIRE DISTRICT COUNCIL","Y60","QJ2","2013 MILL LANE","WINGERWORTH","","CHESTERFIELD","","S42 6NG","20040401","","","D","","","","","","","","0","","","","",""
"261","NORTH HERTFORDSHIRE DISTRICT COUNCIL","Y61","QM7","COUNCIL OFFICES","GERNON ROAD","","LETCHWORTH GARDEN CITY","HERTFORDSHIRE","SG6 3JF","20040401","","","D","","","","","","","","0","","","","",""
"262","NORTH KESTEVEN DISTRICT COUNCIL","Y60","QJM","COUNCIL OFFICES","KESTEVEN STREET","","SLEAFORD","LINCOLNSHIRE","NG34 7EF","20040401","","","D","","","","","","","","0","","","","",""
"263","NORTH NORFOLK DISTRICT COUNCIL","Y61","QMM","COUNCIL OFFICES","HOLT ROAD","","CROMER","","NR27 9EN","20040401","","","D","","","","","","","","0","","","","",""
"264","NORTH WARWICKSHIRE BOROUGH COUNCIL","Y60","QWU","THE COUNCIL HOUSE","SOUTH STREET","","ATHERSTONE","","CV9 1DE","20040401","","","B","","","","","","","","0","","","","",""
"265","NORTH WEST LEICESTERSHIRE DISTRICT COUNCIL","Y60","QK1","COUNCIL OFFICES","WHITWICK ROAD","","COALVILLE","","LE67 3FJ","20040401","","","D","","","","","","","","0","","","","",""
"267","NORWICH CITY COUNCIL","Y61","QMM","CITY HALL","ST PETERS STREET","","NORWICH","","NR2 1NH","20040401","","","C","","","","","","","","0","","","","",""
"268","NUNEATON AND BEDWORTH BOROUGH COUNCIL","Y60","QWU","TOWN HALL","COTON ROAD","","NUNEATON","WARWICKSHIRE","CV11 5AA","20040401","","","B","","","","","","","","0","","","","",""
"269","OADBY AND WIGSTON BOROUGH COUNCIL","Y60","QK1","40 BELL STREET","","","WIGSTON","","LE18 1AD","20040401","","","B","","","","","","","","0","","","","",""
"270","OXFORD CITY COUNCIL","Y59","QU9","TOWN HALL","ST ALDATES","","OXFORD","","OX1 1BX","20040401","","","C","","","","","","","","0","","","","",""
"272","PENDLE BOROUGH COUNCIL","Y62","QE1","NUMBER ONE","MARKET STREET","","NELSON","LANCASHIRE","BB9 7LJ","20040401","","","B","","","","","","","","0","","","","",""
"274","PRESTON CITY COUNCIL","Y62","QE1","TOWN HALL","LANCASTER ROAD","","PRESTON","","PR1 2RL","20040401","","","C","","","","","","","","0","","","","",""
"276","REDDITCH BOROUGH COUNCIL","Y60","QGH","TOWN HALL","WALTER STRANZ SQUARE","","REDDITCH","","B98 8AH","20040401","","","B","","","","","","","","0","","","","",""
"277","REIGATE AND BANSTEAD BOROUGH COUNCIL","Y59","QXU","TOWN HALL","CASTLEFIELD ROAD","","REIGATE","","RH2 0SH","20040401","","","B","","","","","","","","0","","","","",""
"279","RIBBLE VALLEY BOROUGH COUNCIL","Y62","QE1","COUNCIL OFFICES","CHURCH WALK","","CLITHEROE","","BB7 2RA","20040401","","","B","","","","","","","","0","","","","",""
"281","ROCHFORD DISTRICT COUNCIL","Y61","QH8","COUNCIL OFFICES","SOUTH STREET","","ROCHFORD","","SS4 1BW","20040401","","","D","","","","","","","","0","","","","",""
"282","ROSSENDALE BOROUGH COUNCIL","Y62","QE1","ONE STOP SHOP","THE BUSINESS CENTRE","FUTURES PARK","BACUP","LANCASHIRE","OL13 0BB","20040401","","","B","","","","","","","","0","","","","",""
"283","ROTHER DISTRICT COUNCIL","Y59","QNX","TOWN HALL","LONDON ROAD","","BEXHILL-ON-SEA","","TN39 3JX","20040401","","","D","","","","","","","","0","","","","",""
"284","RUGBY BOROUGH COUNCIL","Y60","QWU","TOWN HALL","EVREUX WAY","","RUGBY","","CV21 2RR","20040401","","","B","","","","","","","","0","","","","",""
"285","RUNNYMEDE BOROUGH COUNCIL","Y59","QXU","RUNNYMEDE CIVIC CENTRE","STATION ROAD","","ADDLESTONE","SURREY","KT15 2AH","20040401","","","B","","","","","","","","0","","","","",""
"286","RUSHCLIFFE BOROUGH COUNCIL","Y60","QT1","RUSHCLIFFE ARENA","RUGBY ROAD","WEST BRIDGFORD","NOTTINGHAM","NOTTINGHAMSHIRE","NG2 7YG","20040401","","","B","","","","","","","","0","","","","",""
"287","RUSHMOOR BOROUGH COUNCIL","Y59","QNQ","COUNCIL OFFICES","FARNBOROUGH ROAD","","FARNBOROUGH","","GU14 7JU","20040401","","","B","","","","","","","","0","","","","",""
"292","SEVENOAKS DISTRICT COUNCIL","Y59","QKS","COUNCIL OFFICES","ARGYLE ROAD","","SEVENOAKS","","TN13 1HG","20040401","","","D","","","","","","","","0","","","","",""
"293","FOLKESTONE AND HYTHE COUNCIL","Y59","QKS","CIVIC CENTRE","CASTLE HILL AVENUE","","FOLKESTONE","KENT","CT20 2QY","20040401","","","D","","","","","","","","0","","","","",""
"295","SOUTH CAMBRIDGESHIRE DISTRICT COUNCIL","Y61","QUE","SOUTH CAMBRIDGESHIRE HALL","6010 CAMBOURNE BUSINESS PARK","CAMBOURNE","CAMBRIDGE","","CB23 6EA","20040401","","","D","","","","","","","","0","","","","",""
"296","SOUTH DERBYSHIRE DISTRICT COUNCIL","Y60","QJ2","CIVIC OFFICES","CIVIC WAY","","SWADLINCOTE","","DE11 0AH","20040401","","","D","","","","","","","","0","","","","",""
"297","SOUTH HAMS DISTRICT COUNCIL","Y58","QJK","FOLLATON HOUSE","PLYMOUTH ROAD","","TOTNES","","TQ9 5NE","20040401","","","D","","","","","","","","0","","","","",""
"298","SOUTH HOLLAND DISTRICT COUNCIL","Y60","QJM","COUNCIL OFFICES","PRIORY ROAD","","SPALDING","LINCOLNSHIRE","PE11 2XE","20040401","","","D","","","","","","","","0","","","","",""
"299","SOUTH KESTEVEN DISTRICT COUNCIL","Y60","QJM","COUNCIL OFFICES","ST PETERS HILL","","GRANTHAM","","NG31 6PZ","20040401","","","D","","","","","","","","0","","","","",""
"304","BOLTON METROPOLITAN BOROUGH COUNCIL","Y62","QOP","TOWN HALL","VICTORIA SQUARE","","BOLTON","","BL1 1RU","19800101","","","E","","","","","","","","0","","","","",""
"305","BURY METROPOLITAN BOROUGH COUNCIL","Y62","QOP","TOWN HALL","KNOWSLEY STREET","","BURY","","BL9 0SW","19800101","","","E","","","","","","","","0","","","","",""
"306","MANCHESTER CITY COUNCIL","Y62","QOP","TOWN HALL","ALBERT SQUARE","","MANCHESTER","","M60 2LA","19800101","","","E","","","","","","","","0","","","","",""
"307","OLDHAM METROPOLITAN BOROUGH COUNCIL","Y62","QOP","CIVIC CENTRE","WEST STREET","","OLDHAM","","OL1 1UT","19800101","","","E","","","","","","","","0","","","","",""
"308","ROCHDALE METROPOLITAN BOROUGH COUNCIL","Y62","QOP","NUMBER ONE RIVERSIDE","SMITH STREET","","ROCHDALE","","OL16 1XU","19800101","","","E","","","","","","","","0","","","","",""
"309","SALFORD CITY COUNCIL","Y62","QOP","CIVIC CENTRE","CHORLEY ROAD","","MANCHESTER","GREATER MANCHESTER","M27 5AW","19800101","","","E","","","","","","","","0","","","","",""
"310","STOCKPORT METROPOLITAN BOROUGH COUNCIL","Y62","QOP","FRED PERRY HOUSE","EDWARD STREET","","STOCKPORT","","SK1 3UR","19800101","","","E","","","","","","","","0","","","","",""
"311","TAMESIDE METROPOLITAN BOROUGH COUNCIL","Y62","QOP","TAMESIDE ONE","MARKET PLACE","","ASHTON-UNDER-LYNE","GREATER MANCHESTER","OL6 6BH","19800101","","","E","","","","","","","","0","","","","",""
"312","TRAFFORD METROPOLITAN BOROUGH COUNCIL","Y62","QOP","TRAFFORD TOWN HALL","TALBOT ROAD","STRETFORD","MANCHESTER","","M32 0TH","19800101","","","E","","","","","","","","0","","","","",""
"313","WIGAN METROPOLITAN BOROUGH COUNCIL","Y62","QOP","TOWN HALL","LIBRARY STREET","","WIGAN","LANCASHIRE","WN1 1YN","19800101","","","E","","","","","","","","0","","","","",""
"314","SOUTH NORFOLK DISTRICT COUNCIL","Y61","QMM","SOUTH NORFOLK HOUSE","CYGNET COURT","LONG STRATTON","NORWICH","NORFOLK","NR15 2XE","20040401","","","D","","","","","","","","0","","","","",""
"315","KNOWSLEY METROPOLITAN BOROUGH COUNCIL","Y62","QYG","MUNICIPAL BUILDINGS","ARCHWAY ROAD","HUYTON","LIVERPOOL","","L36 9UX","19800101","","","E","","","","","","","","0","","","","",""
"316","LIVERPOOL CITY COUNCIL","Y62","QYG","MUNICIPAL BUILDINGS","DALE STREET","","LIVERPOOL","MERSEYSIDE","L2 2TF","19800101","","","E","","","","","","","","0","","","","",""
"317","SEFTON METROPOLITAN BOROUGH COUNCIL","Y62","QYG","TOWN HALL","ORIEL ROAD","","BOOTLE","","L20 7AE","19800101","","","E","","","","","","","","0","","","","",""
"318","ST HELENS COUNCIL","Y62","QYG","WESLEY HOUSE","CORPORATION STREET","","ST. HELENS","MERSEYSIDE","WA10 1HF","19800101","","","E","","","","","","","","0","","","","",""
"319","WIRRAL BOROUGH COUNCIL","Y62","QYG","TOWN HALL","BRIGHTON STREET","","WALLASEY","MERSEYSIDE","CH44 8ED","19800101","","","E","","","","","","","","0","","","","",""
"321","HALTON BOROUGH COUNCIL","Y62","QYG","MUNICIPAL BUILDING","KINGSWAY","","WIDNES","","WA8 7QF","19980401","","","H","","","","","","","","0","","","","",""
"322","WARRINGTON BOROUGH COUNCIL","Y62","QYG","NEW TOWN HOUSE","BUTTERMARKET STREET","","WARRINGTON","","WA1 2NH","19980401","","","H","","","","","","","","0","","","","",""
"323","LANCASHIRE COUNTY COUNCIL","Y62","QE1","PO BOX 78","COUNTY HALL","FISHERGATE","PRESTON","","PR1 8XJ","19980401","","","A","","","","","","","","0","","","","",""
"324","BLACKBURN WITH DARWEN BOROUGH COUNCIL","Y62","QE1","TOWN HALL","KING WILLIAM STREET","","BLACKBURN","","BB1 7DY","19980401","","","H","","","","","","","","0","","","","",""
"325","BLACKPOOL BOROUGH COUNCIL","Y62","QE1","MUNICIPAL BUILDINGS","CORPORATION STREET","","BLACKPOOL","","FY1 1EJ","19980401","","","H","","","","","","","","0","","","","",""
"326","CHESHIRE EAST COUNCIL","Y62","QYG","MUNICIPAL BUILDINGS","EARLE STREET","","CREWE","","CW1 2BJ","20040401","","","H","","","","","","","","0","","","","",""
"327","CHESHIRE WEST AND CHESTER COUNCIL","Y62","QYG","58 NICHOLAS STREET","","","CHESTER","CHESHIRE","CH1 2NP","20090401","","","H","","","","","","","","0","","","","",""
"328","SOUTH RIBBLE BOROUGH COUNCIL","Y62","QE1","CIVIC CENTRE","WEST PADDOCK","","LEYLAND","","PR25 1DH","20040401","","","B","","","","","","","","0","","","","",""
"330","SOUTH STAFFORDSHIRE COUNCIL","Y60","QNC","COUNCIL OFFICES","WOLVERHAMPTON ROAD","CODSALL","WOLVERHAMPTON","","WV8 1PX","20040401","","","D","","","","","","","","0","","","","",""
"331","SPELTHORNE BOROUGH COUNCIL","Y59","QXU","COUNCIL OFFICES","KNOWLE GREEN","","STAINES-UPON-THAMES","","TW18 1XB","20040401","","","B","","","","","","","","0","","","","",""
"332","ST ALBANS CITY AND DISTRICT COUNCIL","Y61","QM7","CIVIC CENTRE","ST PETERS STREET","","ST. ALBANS","","AL1 3JE","20040401","","","D","","","","","","","","0","","","","",""
"334","STAFFORD BOROUGH COUNCIL","Y60","QNC","CIVIC CENTRE","RIVERSIDE","","STAFFORD","STAFFORDSHIRE","ST16 3AQ","20040401","","","B","","","","","","","","0","","","","",""
"335","STAFFORDSHIRE MOORLANDS DISTRICT COUNCIL","Y60","QNC","MOORLANDS HOUSE","STOCKWELL STREET","","LEEK","","ST13 6HQ","20040401","","","D","","","","","","","","0","","","","",""
"336","STEVENAGE BOROUGH COUNCIL","Y61","QM7","DANESHILL HOUSE","DANESTRETE","","STEVENAGE","HERTFORDSHIRE","SG1 1HN","20040401","","","B","","","","","","","","0","","","","",""
"337","STRATFORD-ON-AVON DISTRICT COUNCIL","Y60","QWU","ELIZABETH HOUSE","CHURCH STREET","","STRATFORD-UPON-AVON","WARWICKSHIRE","CV37 6HX","20040401","","","D","","","","","","","","0","","","","",""
"338","STROUD DISTRICT COUNCIL","Y58","QR1","EBLEY MILL","EBLEY WHARF","","STROUD","","GL5 4UB","20040401","","","D","","","","","","","","0","","","","",""
"340","SURREY HEATH BOROUGH COUNCIL","Y59","QNQ","SURREY HEATH HOUSE","KNOLL ROAD","","CAMBERLEY","SURREY","GU15 3HD","20040401","","","B","","","","","","","","0","","","","",""
"341","SWALE BOROUGH COUNCIL","Y59","QKS","SWALE HOUSE","EAST STREET","","SITTINGBOURNE","","ME10 3HT","20040401","","","B","","","","","","","","0","","","","",""
"343","TAMWORTH BOROUGH COUNCIL","Y60","QNC","MARMION HOUSE","LICHFIELD STREET","","TAMWORTH","STAFFORDSHIRE","B79 7BZ","20040401","","","B","","","","","","","","0","","","","",""
"344","TANDRIDGE DISTRICT COUNCIL","Y59","QXU","COUNCIL OFFICES","8 STATION ROAD EAST","","OXTED","","RH8 0BT","20040401","","","D","","","","","","","","0","","","","",""
"346","TEIGNBRIDGE DISTRICT COUNCIL","Y58","QJK","FORDE HOUSE","BRUNEL ROAD","","NEWTON ABBOT","","TQ12 4XX","20040401","","","D","","","","","","","","0","","","","",""
"347","TENDRING DISTRICT COUNCIL","Y61","QJG","TOWN HALL","STATION ROAD","","CLACTON-ON-SEA","","CO15 1SE","20040401","","","D","","","","","","","","0","","","","",""
"348","TEST VALLEY BOROUGH COUNCIL","Y59","QRL","BEECH HURST","WEYHILL ROAD","","ANDOVER","","SP10 3AJ","20040401","","","B","","","","","","","","0","","","","",""
"349","TEWKESBURY BOROUGH COUNCIL","Y58","QR1","COUNCIL OFFICES","GLOUCESTER ROAD","","TEWKESBURY","","GL20 5TT","20040401","","","B","","","","","","","","0","","","","",""
"350","THANET DISTRICT COUNCIL","Y59","QKS","CECIL STREET","","","MARGATE","","CT9 1XZ","20040401","","","D","","","","","","","","0","","","","",""
"351","THREE RIVERS DISTRICT COUNCIL","Y61","QM7","THREE RIVERS HOUSE","NORTHWAY","","RICKMANSWORTH","","WD3 1RL","20040401","","","D","","","","","","","","0","","","","",""
"352","TONBRIDGE AND MALLING BOROUGH COUNCIL","Y59","QKS","GIBSON BUILDING","GIBSON DRIVE","KINGS HILL","WEST MALLING","","ME19 4LZ","20040401","","","B","","","","","","","","0","","","","",""
"354","TORRIDGE DISTRICT COUNCIL","Y58","QJK","RIVERBANK HOUSE","","","BIDEFORD","","EX39 2QG","20040401","","","D","","","","","","","","0","","","","",""
"355","TUNBRIDGE WELLS BOROUGH COUNCIL","Y59","QKS","TOWN HALL","MOUNT PLEASANT ROAD","","TUNBRIDGE WELLS","","TN1 1RS","20040401","","","B","","","","","","","","0","","","","",""
"356","UTTLESFORD DISTRICT COUNCIL","Y61","QM7","COUNCIL OFFICES","LONDON ROAD","","SAFFRON WALDEN","ESSEX","CB11 4ER","20040401","","","D","","","","","","","","0","","","","",""
"358","VALE OF WHITE HORSE DISTRICT COUNCIL","Y59","QU9","135 EASTERN AVENUE","MILTON PARK","MILTON","ABINGDON","","OX14 4SB","20040401","","","D","","","","","","","","0","","","","",""
"359","WARWICK DISTRICT COUNCIL","Y60","QWU","RIVERSIDE HOUSE","MILVERTON HILL","","LEAMINGTON SPA","","CV32 5HZ","20040401","","","D","","","","","","","","0","","","","",""
"360","WATFORD BOROUGH COUNCIL","Y61","QM7","TOWN HALL","HEMPSTEAD ROAD","","WATFORD","","WD17 3EX","20040401","","","B","","","","","","","","0","","","","",""
"362","WAVERLEY BOROUGH COUNCIL","Y59","QXU","THE BURYS","","","GODALMING","SURREY","GU7 1HR","20040401","","","B","","","","","","","","0","","","","",""
"363","WEALDEN DISTRICT COUNCIL","Y59","QNX","COUNCIL OFFICES","VICARAGE LANE","","HAILSHAM","EAST SUSSEX","BN27 2AX","20040401","","","D","","","","","","","","0","","","","",""
"365","WELWYN HATFIELD BOROUGH COUNCIL","Y61","QM7","COUNCIL OFFICES","THE CAMPUS","","WELWYN GARDEN CITY","","AL8 6AE","20040401","","","B","","","","","","","","0","","","","",""
"366","WEST DEVON BOROUGH COUNCIL","Y58","QJK","KILWORTHY PARK","DRAKE ROAD","","TAVISTOCK","","PL19 0BZ","20040401","","","B","","","","","","","","0","","","","",""
"368","WEST LANCASHIRE BOROUGH COUNCIL","Y62","QE1","52 DERBY STREET","","","ORMSKIRK","","L39 2DF","20040401","","","B","","","","","","","","0","","","","",""
"369","WEST LINDSEY DISTRICT COUNCIL","Y60","QJM","THE GUILDHALL","MARSHALLS YARD","","GAINSBOROUGH","LINCOLNSHIRE","DN21 2NA","20040401","","","D","","","","","","","","0","","","","",""
"370","WEST OXFORDSHIRE DISTRICT COUNCIL","Y59","QU9","3 WELCH WAY","","","WITNEY","","OX28 6JH","20040401","","","D","","","","","","","","0","","","","",""
"373","WINCHESTER CITY COUNCIL","Y59","QRL","CITY OFFICES","COLEBROOK STREET","","WINCHESTER","","SO23 9LJ","20040401","","","C","","","","","","","","0","","","","",""
"374","WOKING BOROUGH COUNCIL","Y59","QXU","CIVIC OFFICES","GLOUCESTER SQUARE","","WOKING","","GU21 6YL","20040401","","","B","","","","","","","","0","","","","",""
"375","WORCESTER CITY COUNCIL","Y60","QGH","GUILDHALL","HIGH STREET","","WORCESTER","","WR1 2EY","20040401","","","C","","","","","","","","0","","","","",""
"376","WORTHING BOROUGH COUNCIL","Y59","QNX","PORTLAND HOUSE","44 RICHMOND ROAD","","WORTHING","","BN11 1HS","20040401","","","B","","","","","","","","0","","","","",""
"378","WYCHAVON DISTRICT COUNCIL","Y60","QGH","CIVIC CENTRE","QUEEN ELIZABETH DRIVE","","PERSHORE","","WR10 1PT","20040401","","","D","","","","","","","","0","","","","",""
"380","WYRE BOROUGH COUNCIL","Y62","QE1","WYRE CIVIC CENTRE","BRECK ROAD","","POULTON-LE-FYLDE","","FY6 7PU","20040401","","","B","","","","","","","","0","","","","",""
"381","WYRE FOREST DISTRICT COUNCIL","Y60","QGH","WYRE FOREST HOUSE","FINEPOINT WAY","","KIDDERMINSTER","","DY11 7WF","20040401","","","D","","","","","","","","0","","","","",""
"383","SOUTH OXFORDSHIRE DISTRICT COUNCIL","Y59","QU9","135 EASTERN AVENUE","MILTON PARK","MILTON","ABINGDON","","OX14 4SB","20040401","","","D","","","","","","","","0","","","","",""
"404","WARWICKSHIRE COUNTY COUNCIL","Y60","QWU","SHIRE HALL","MARKET PLACE","","WARWICK","","CV34 4RL","19800101","","","A","","","","","","","","0","","","","",""
"406","BIRMINGHAM CITY COUNCIL","Y60","QHL","THE COUNCIL HOUSE","","","BIRMINGHAM","","B1 1BB","19800101","","","E","","","","","","","","0","","","","",""
"407","COVENTRY CITY COUNCIL","Y60","QWU","COUNCIL HOUSE","EARL STREET","","COVENTRY","","CV1 5RR","19800101","","","E","","","","","","","","0","","","","",""
"408","DUDLEY METROPOLITAN BOROUGH COUNCIL","Y60","QUA","THE COUNCIL HOUSE","PRIORY ROAD","","DUDLEY","WEST MIDLANDS","DY1 1HF","19800101","","","E","","","","","","","","0","","","","",""
"409","SANDWELL METROPOLITAN BOROUGH COUNCIL","Y60","QUA","SANDWELL COUNCIL HOUSE","FREETH STREET","","OLDBURY","","B69 3DE","19800101","","","E","","","","","","","","0","","","","",""
"410","SOLIHULL METROPOLITAN BOROUGH COUNCIL","Y60","QHL","COUNCIL HOUSE","MANOR SQUARE","","SOLIHULL","WEST MIDLANDS","B91 3QB","19800101","","","E","","","","","","","","0","","","","",""
"411","WALSALL METROPOLITAN BOROUGH COUNCIL","Y60","QUA","CIVIC CENTRE","","","WALSALL","","WS1 1TP","19800101","","","E","","","","","","","","0","","","","",""
"412","CITY OF WOLVERHAMPTON COUNCIL","Y60","QUA","CIVIC CENTRE","ST PETERS SQUARE","","WOLVERHAMPTON","WEST MIDLANDS","WV1 1SH","19800101","","","E","","","","","","","","0","","","","",""
"413","STAFFORDSHIRE COUNTY COUNCIL","Y60","QNC","1 STAFFORDSHIRE PLACE","","","STAFFORD","","ST16 2DH","19970401","","","A","","","","","","","","0","","","","",""
"414","STOKE-ON-TRENT CITY COUNCIL","Y60","QNC","CIVIC CENTRE","GLEBE STREET","","STOKE-ON-TRENT","","ST4 1HH","19970401","","","H","","","","","","","","0","","","","",""
"415","HEREFORDSHIRE COUNCIL","Y60","QGH","PLOUGH LANE","","","HEREFORD","","HR4 0LE","19980401","","","H","","","","","","","","0","","","","",""
"416","WORCESTERSHIRE COUNTY COUNCIL","Y60","QGH","COUNTY HALL","SPETCHLEY ROAD","","WORCESTER","","WR5 2NP","19980401","","","A","","","","","","","","0","","","","",""
"417","SHROPSHIRE COUNCIL","Y60","QOC","SHIREHALL","ABBEY FOREGATE","","SHREWSBURY","","SY2 6ND","19980401","","","H","","","","","","","","0","","","","",""
"418","TELFORD & WREKIN COUNCIL","Y60","QOC","ADDENBROOKE HOUSE","IRONMASTERS WAY","TOWN CENTRE","TELFORD","","TF3 4NT","19980401","","","H","","","","","","","","0","","","","",""
"503","LINCOLNSHIRE COUNTY COUNCIL","Y60","QJM","COUNTY OFFICES","NEWLAND","","LINCOLN","","LN1 1YL","19800101","","","A","","","","","","","","0","","","","",""
"506","DERBYSHIRE COUNTY COUNCIL","Y60","QJ2","COUNTY OFFICES","","","MATLOCK","","DE4 3AG","19970401","","","A","","","","","","","","0","","","","",""
"507","DERBY CITY COUNCIL","Y60","QJ2","COUNCIL HOUSE","CORPORATION STREET","","DERBY","DERBYSHIRE","DE1 2FS","19970401","","","H","","","","","","","","0","","","","",""
"508","LEICESTERSHIRE COUNTY COUNCIL","Y60","QK1","COUNTY HALL","LEICESTER ROAD","GLENFIELD","LEICESTER","LEICESTERSHIRE","LE3 8RA","19970401","","","A","","","","","","","","0","","","","",""
"509","LEICESTER CITY COUNCIL","Y60","QK1","CITY HALL","115 CHARLES STREET","","LEICESTER","","LE1 1FZ","19970401","","","H","","","","","","","","0","","","","",""
"510","RUTLAND COUNTY COUNCIL","Y60","QK1","CATMOSE HOUSE","CATMOS STREET","","OAKHAM","","LE15 6HP","19970401","","","H","","","","","","","","0","","","","",""
"511","NOTTINGHAMSHIRE COUNTY COUNCIL","Y60","QT1","COUNTY HALL","LOUGHBOROUGH ROAD","WEST BRIDGFORD","NOTTINGHAM","","NG2 7QP","19980401","","","A","","","","","","","","0","","","","",""
"512","NOTTINGHAM CITY COUNCIL","Y60","QT1","LOXLEY HOUSE","STATION STREET","","NOTTINGHAM","NOTTINGHAMSHIRE","NG2 3NG","19980401","","","H","","","","","","","","0","","","","",""
"606","HERTFORDSHIRE COUNTY COUNCIL","Y61","QM7","FINANCE DEPARTMENT","COUNTY HALL","","HERTFORD","HERTFORDSHIRE","SG13 8DQ","19800101","","","A","","","","","","","","0","","","","",""
"607","NORFOLK COUNTY COUNCIL","Y61","QMM","COUNTY HALL","MARTINEAU LANE","","NORWICH","NORFOLK","NR1 2DH","19800101","","","A","","","","","","","","0","","","","",""
"608","OXFORDSHIRE COUNTY COUNCIL","Y59","QU9","COUNTY HALL","NEW ROAD","","OXFORD","","OX1 1ND","19800101","","","A","","","","","","","","0","","","","",""
"609","SUFFOLK COUNTY COUNCIL","Y61","QJG","ENDEAVOUR HOUSE","RUSSELL ROAD","","IPSWICH","SUFFOLK","IP1 2BX","19800101","","","A","","","","","","","","0","","","","",""
"611","LUTON BOROUGH COUNCIL","Y61","QHG","TOWN HALL","GEORGE STREET","","LUTON","","LU1 2BQ","19970401","","","H","","","","","","","","0","","","","",""
"613","MILTON KEYNES COUNCIL","Y61","QHG","CIVIC OFFICES","1 SAXON GATE EAST","","MILTON KEYNES","BUCKINGHAMSHIRE","MK9 3EJ","19970401","","","H","","","","","","","","0","","","","",""
"614","BRACKNELL FOREST COUNCIL","Y59","QNQ","TIME SQUARE","MARKET STREET","","BRACKNELL","","RG12 1JD","19980401","","","H","","","","","","","","0","","","","",""
"615","WEST BERKSHIRE COUNCIL","Y59","QU9","COUNCIL OFFICES","MARKET STREET","","NEWBURY","","RG14 5LD","19980401","","","H","","","","","","","","0","","","","",""
"616","READING BOROUGH COUNCIL","Y59","QU9","CIVIC OFFICES","BRIDGE STREET","","READING","","RG1 2LU","19980401","","","H","","","","","","","","0","","","","",""
"617","SLOUGH BOROUGH COUNCIL","Y59","QNQ","LANDMARK PLACE","HIGH STREET","","SLOUGH","BERKSHIRE","SL1 1JL","19980401","","","H","","","","","","","","0","","","","",""
"618","ROYAL BOROUGH OF WINDSOR AND MAIDENHEAD","Y59","QNQ","TOWN HALL","ST IVES ROAD","","MAIDENHEAD","BERKSHIRE","SL6 1RF","19980401","","","H","","","","","","","","0","","","","",""
"619","WOKINGHAM BOROUGH COUNCIL","Y59","QU9","CIVIC OFFICES","SHUTE END","","WOKINGHAM","","RG40 1BN","19980401","","","H","","","","","","","","0","","","","",""
"620","ESSEX COUNTY COUNCIL","Y61","QH8","COUNTY HALL","MARKET RD","","CHELMSFORD","","CM1 1QH","19980401","","","A","","","","","","","","0","","","","",""
"621","SOUTHEND-ON-SEA CITY COUNCIL","Y61","QH8","CIVIC CENTRE","VICTORIA AVENUE","","SOUTHEND-ON-SEA","ESSEX","SS2 6EN","19980401","","","H","","","","","","","","0","","","","",""
"622","THURROCK COUNCIL","Y61","QH8","CIVIC OFFICES","NEW ROAD","","GRAYS","ESSEX","RM17 6SL","19980401","","","H","","","","","","","","0","","","","",""
"623","CAMBRIDGESHIRE COUNTY COUNCIL","Y61","QUE","NEW SHIRE HALL","EMERY CRESCENT","ENTERPRISE CAMPUS","HUNTINGDON","","PE28 4YE","19980401","","","A","","","","","","","","0","","","","",""
"624","PETERBOROUGH CITY COUNCIL","Y61","QUE","TOWN HALL","BRIDGE STREET","","PETERBOROUGH","","PE1 1HF","19980401","","","H","","","","","","","","0","","","","",""
"625","BEDFORD BOROUGH COUNCIL","Y61","QHG","BOROUGH HALL","CAULDWELL STREET","","BEDFORD","","MK42 9AP","20040401","","","H","","","","","","","","0","","","","",""
"626","CENTRAL BEDFORDSHIRE COUNCIL","Y61","QHG","PRIORY HOUSE","MONKS WALK","CHICKSANDS","SHEFFORD","","SG17 5TQ","20090401","","","H","","","","","","","","0","","","","",""
"702","LONDON BOROUGH OF CAMDEN","Y56","QMJ","5 PANCRAS SQUARE","","","LONDON","","N1C 4AG","19800101","","","J","","","","","","","","0","","","","",""
"703","ROYAL BOROUGH OF GREENWICH","Y56","QKK","THE WOOLWICH CENTRE","35 WELLINGTON STREET","","LONDON","GREATER LONDON","SE18 6HQ","19800101","","","J","","","","","","","","0","","","","",""
"704","LONDON BOROUGH OF HACKNEY","Y56","QMF","HACKNEY SERVICE CENTRE","1 HILLMAN STREET","","LONDON","","E8 1DY","19800101","","","J","","","","","","","","0","","","","",""
"705","LONDON BOROUGH OF HAMMERSMITH & FULHAM","Y56","QRV","145 KING STREET","","","LONDON","","W6 9JT","19800101","","","J","","","","","","","","0","","","","",""
"706","LONDON BOROUGH OF ISLINGTON","Y56","QMJ","222 UPPER STREET","","","LONDON","","N1 1XR","19800101","","","J","","","","","","","","0","","","","",""
"707","ROYAL BOROUGH OF KENSINGTON AND CHELSEA","Y56","QRV","TOWN HALL","HORNTON STREET","","LONDON","GREATER LONDON","W8 7NX","19800101","","","J","","","","","","","","0","","","","",""
"708","LONDON BOROUGH OF LAMBETH","Y56","QKK","CIVIC CENTRE","6 BRIXTON HILL","","LONDON","","SW2 1EG","19800101","","","J","","","","","","","","0","","","","",""
"709","LONDON BOROUGH OF LEWISHAM","Y56","QKK","TOWN HALL","CATFORD","","LONDON","","SE6 4RU","19800101","","","J","","","","","","","","0","","","","",""
"710","LONDON BOROUGH OF SOUTHWARK","Y56","QKK","160 TOOLEY STREET","","","LONDON","","SE1 2QH","19800101","","","J","","","","","","","","0","","","","",""
"711","LONDON BOROUGH OF TOWER HAMLETS","Y56","QMF","TOWN HALL","MULBERRY PLACE","5 CLOVE CRESCENT","LONDON","GREATER LONDON","E14 2BG","19800101","","","J","","","","","","","","0","","","","",""
"712","LONDON BOROUGH OF WANDSWORTH","Y56","QWE","TOWN HALL","WANDSWORTH HIGH STREET","","LONDON","","SW18 2PU","19800101","","","J","","","","","","","","0","","","","",""
"713","CITY OF WESTMINSTER","Y56","QRV","WESTMINSTER CITY HALL","64 VICTORIA STREET","","LONDON","","SW1E 6QP","19800101","","","J","","","","","","","","0","","","","",""
"714","CITY OF LONDON CORPORATION","Y56","QMJ","PO BOX 270","GUILDHALL","","LONDON","","EC2P 2EJ","19800101","","","J","","","","","","","","0","","","","",""
"716","LONDON BOROUGH OF BARKING AND DAGENHAM","Y56","QMF","CIVIC CENTRE","","","DAGENHAM","GREATER LONDON","RM10 7BZ","19800101","","","J","","","","","","","","0","","","","",""
"717","LONDON BOROUGH OF BARNET","Y56","QMJ","NORTH LONDON BUSINESS PARK","OAKLEIGH ROAD SOUTH","","LONDON","GREATER LONDON","N11 1NP","19800101","","","J","","","","","","","","0","","","","",""
"718","LONDON BOROUGH OF BEXLEY","Y56","QKK","CIVIC OFFICES","2 WATLING STREET","","BEXLEYHEATH","","DA6 7AT","19800101","","","J","","","","","","","","0","","","","",""
"719","LONDON BOROUGH OF BRENT","Y56","QRV","BRENT CIVIC CENTRE","ENGINEERS WAY","","WEMBLEY","","HA9 0FJ","19800101","","","J","","","","","","","","0","","","","",""
"720","LONDON BOROUGH OF BROMLEY","Y56","QKK","BROMLEY CIVIC CENTRE","STOCKWELL CLOSE","","BROMLEY","KENT","BR1 3UH","19800101","","","J","","","","","","","","0","","","","",""
"721","LONDON BOROUGH OF CROYDON","Y56","QWE","BERNARD WEATHERILL HOUSE","8 MINT WALK","","CROYDON","SURREY","CR0 1EA","19800101","","","J","","","","","","","","0","","","","",""
"722","LONDON BOROUGH OF EALING","Y56","QRV","PERCEVAL HOUSE","14-16 UXBRIDGE ROAD","EALING","LONDON","","W5 2HL","19800101","","","J","","","","","","","","0","","","","",""
"723","LONDON BOROUGH OF ENFIELD","Y56","QMJ","CIVIC CENTRE","SILVER STREET","","ENFIELD","GREATER LONDON","EN1 3ES","19800101","","","J","","","","","","","","0","","","","",""
"724","LONDON BOROUGH OF HARINGEY","Y56","QMJ","CIVIC CENTRE","HIGH ROAD","WOOD GREEN","LONDON","GREATER LONDON","N22 9SA","19800101","","","J","","","","","","","","0","","","","",""
"725","LONDON BOROUGH OF HARROW","Y56","QRV","CIVIC CENTRE","STATION ROAD","","HARROW","","HA1 2XY","19800101","","","J","","","","","","","","0","","","","",""
"726","LONDON BOROUGH OF HAVERING","Y56","QMF","TOWN HALL","MAIN ROAD","","ROMFORD","","RM1 3BD","19800101","","","J","","","","","","","","0","","","","",""
"727","LONDON BOROUGH OF HILLINGDON","Y56","QRV","CIVIC CENTRE","HIGH STREET","","UXBRIDGE","","UB8 1UW","19800101","","","J","","","","","","","","0","","","","",""
"728","LONDON BOROUGH OF HOUNSLOW","Y56","QRV","HOUNSLOW HOUSE","7 BATH ROAD","","HOUNSLOW","","TW3 3EB","19800101","","","J","","","","","","","","0","","","","",""
"729","ROYAL BOROUGH OF KINGSTON UPON THAMES","Y56","QWE","GUILDHALL","2 HIGH STREET","","KINGSTON UPON THAMES","","KT1 1EU","19800101","","","J","","","","","","","","0","","","","",""
"730","LONDON BOROUGH OF MERTON","Y56","QWE","MERTON CIVIC CENTRE","LONDON ROAD","","MORDEN","SURREY","SM4 5DX","19800101","","","J","","","","","","","","0","","","","",""
"731","LONDON BOROUGH OF NEWHAM","Y56","QMF","NEWHAM DOCKSIDE","1000 DOCKSIDE ROAD","","LONDON","","E16 2QU","19800101","","","J","","","","","","","","0","","","","",""
"732","LONDON BOROUGH OF REDBRIDGE","Y56","QMF","LYNTON HOUSE","255-259 HIGH ROAD","","ILFORD","","IG1 1NY","19800101","","","J","","","","","","","","0","","","","",""
"733","LONDON BOROUGH OF RICHMOND UPON THAMES","Y56","QWE","CIVIC CENTRE","44 YORK STREET","","TWICKENHAM","","TW1 3BZ","19800101","","","J","","","","","","","","0","","","","",""
"734","LONDON BOROUGH OF SUTTON","Y56","QWE","CIVIC OFFICES","ST NICHOLAS WAY","","SUTTON","","SM1 1EA","19800101","","","J","","","","","","","","0","","","","",""
"735","LONDON BOROUGH OF WALTHAM FOREST","Y56","QMF","WALTHAM FOREST TOWN HALL","FOREST ROAD","","LONDON","","E17 4JF","19800101","","","J","","","","","","","","0","","","","",""
"738","BCP COUNCIL","Y58","QVV","TOWN HALL","BOURNE AVENUE","","BOURNEMOUTH","","BH2 6DY","20190401","","","H","","","","","","","","0","","","","",""
"740","EAST SUFFOLK COUNCIL","Y61","QJG","EAST SUFFOLK HOUSE","RIDUNA PARK","STATION ROAD","WOODBRIDGE","","IP12 1RT","20190401","","","D","","","","","","","","0","","","","",""
"741","WEST SUFFOLK COUNCIL","Y61","QJG","WEST SUFFOLK HOUSE","WESTERN WAY","","BURY ST. EDMUNDS","SUFFOLK","IP33 3YU","20190401","","","D","","","","","","","","0","","","","",""
"803","ISLE OF WIGHT COUNCIL","Y59","QRL","COUNTY HALL","HIGH STREET","","NEWPORT","","PO30 1UD","19800101","","","H","","","","","","","","0","","","","",""
"805","SURREY COUNTY COUNCIL","Y59","QXU","WOODHATCH PLACE","11 COCKSHOT HILL","","REIGATE","","RH2 8EF","19800101","","","A","","","","","","","","0","","","","",""
"807","WEST SUSSEX COUNTY COUNCIL","Y59","QNX","COUNTY HALL","WEST STREET","","CHICHESTER","","PO19 1RQ","19800101","","","A","","","","","","","","0","","","","",""
"809","DORSET COUNCIL","Y58","QVV","COUNTY HALL","COLLITON PARK","","DORCHESTER","","DT1 1XJ","19970401","","","H","","","","","","","","0","","","","",""
"812","HAMPSHIRE COUNTY COUNCIL","Y59","QRL","THE CASTLE","CASTLE AVENUE","","WINCHESTER","","SO23 8UJ","19970401","","","A","","","","","","","","0","","","","",""
"813","PORTSMOUTH CITY COUNCIL","Y59","QRL","CIVIC OFFICES","GUILDHALL SQUARE","","PORTSMOUTH","HAMPSHIRE","PO1 2GB","19970401","","","H","","","","","","","","0","","","","",""
"814","SOUTHAMPTON CITY COUNCIL","Y59","QRL","CIVIC CENTRE","","","SOUTHAMPTON","HAMPSHIRE","SO14 7LY","19970401","","","H","","","","","","","","0","","","","",""
"815","EAST SUSSEX COUNTY COUNCIL","Y59","QNX","COUNTY HALL","ST. ANNES CRESCENT","","LEWES","","BN7 1UE","19970401","","","A","","","","","","","","0","","","","",""
"816","BRIGHTON AND HOVE CITY COUNCIL","Y59","QNX","2ND FLOOR, BARTHOLOMEW HOUSE","BARTHOLOMEW SQUARE","","BRIGHTON","","BN1 1JE","19970401","","","H","","","","","","","","0","","","","",""
"817","WILTSHIRE COUNCIL","Y58","QOX","COUNTY HALL","BYTHESEA ROAD","","TROWBRIDGE","WILTSHIRE","BA14 8JN","19970401","","","H","","","","","","","","0","","","","",""
"819","SWINDON BOROUGH COUNCIL","Y58","QOX","CIVIC OFFICES","EUCLID STREET","","SWINDON","WILTSHIRE","SN1 2JH","19970401","","","H","","","","","","","","0","","","","",""
"820","KENT COUNTY COUNCIL","Y59","QKS","COUNTY HALL","COUNTY ROAD","","MAIDSTONE","","ME14 1XQ","19980401","","","A","","","","","","","","0","","","","",""
"821","MEDWAY COUNCIL","Y59","QKS","GUN WHARF","DOCK ROAD","","CHATHAM","","ME4 4TR","19980401","","","H","","","","","","","","0","","","","",""
"902","CORNWALL COUNCIL","Y58","QT6","COUNTY HALL","TREYEW ROAD","","TRURO","","TR1 3AY","19800101","","","H","","","","","","","","0","","","","",""
"904","GLOUCESTERSHIRE COUNTY COUNCIL","Y58","QR1","SHIRE HALL","WESTGATE STREET","","GLOUCESTER","GLOUCESTERSHIRE","GL1 2TG","19800101","","","A","","","","","","","","0","","","","",""
"905","SOMERSET COUNCIL","Y58","QSL","COUNTY HALL","THE CRESCENT","","TAUNTON","","TA1 4DY","19800101","","","H","","","","","","","","0","","","","",""
"906","COUNCIL OF THE ISLES OF SCILLY","Y58","QT6","TOWN HALL","","","ST MARY'S","ISLES OF SCILLY","TR21 0LW","19800101","","","H","","","","","","","","0","","","","",""
"908","BATH AND NORTH EAST SOMERSET COUNCIL","Y58","QOX","GUILDHALL","HIGH STREET","","BATH","","BA1 5AW","19960401","","","H","","","","","","","","0","","","","",""
"909","BRISTOL CITY COUNCIL","Y58","QUY","CITY HALL","COLLEGE GREEN","","BRISTOL","","BS1 5TR","19960401","","","H","","","","","","","","0","","","","",""
"910","NORTH SOMERSET COUNCIL","Y58","QUY","TOWN HALL","WALLISCOTE GROVE ROAD","","WESTON-SUPER-MARE","","BS23 1UJ","19960401","","","H","","","","","","","","0","","","","",""
"911","SOUTH GLOUCESTERSHIRE COUNCIL","Y58","QUY","COUNCIL OFFICES","BADMINTON ROAD","YATE","BRISTOL","","BS37 5AF","19960401","","","H","","","","","","","","0","","","","",""
"912","DEVON COUNTY COUNCIL","Y58","QJK","COUNTY HALL","TOPSHAM ROAD","","EXETER","","EX2 4QD","19980401","","","A","","","","","","","","0","","","","",""
"913","PLYMOUTH CITY COUNCIL","Y58","QJK","BALLARD HOUSE","26 WEST HOE ROAD","","PLYMOUTH","","PL1 3BJ","19980401","","","H","","","","","","","","0","","","","",""
"914","TORBAY COUNCIL","Y58","QJK","TOWN HALL","CASTLE CIRCUS","","TORQUAY","","TQ1 3DR","19980401","","","H","","","","","","","","0","","","","",""
"916","BUCKINGHAMSHIRE COUNCIL","Y59","QU9","THE GATEWAY","GATEHOUSE ROAD","","AYLESBURY","","HP19 8FF","20200401","","","H","","","","","","","","0","","","","",""
"H6X4G","CUMBERLAND COUNCIL","Y63","QHM","CUMBRIA HOUSE","117 BOTCHERGATE","","CARLISLE","","CA1 1RD","20230401","","","H","","","","","","","","0","","","","",""
"U6Q5Z","WEST NORTHAMPTONSHIRE COUNCIL","Y60","QPM","ANGEL STREET","","","NORTHAMPTON","NORTHAMPTONSHIRE","NN1 1ED","20210401","","","H","","","","","","","","0","","","","",""
"W8X1Q","WESTMORLAND AND FURNESS COUNCIL","Y62","QE1","SOUTH LAKELAND HOUSE","LOWTHER STREET","","KENDAL","","LA9 4UG","20230401","","","H","","","","","","","","0","","","","",""
"Z9D4Z","NORTH NORTHAMPTONSHIRE COUNCIL","Y60","QPM","41 MEADOW ROAD","","","KETTERING","","NN16 8TL","20210401","","","H","","","","","","","","0","","","","",""
